Timestamp,IP_Version,Source_IP,Destination_IP,Protocol_Details
2026-06-09 18:03:32,Layer 2,N/A,N/A,Ether / ARP who has 192.168.1.155 says 192.168.1.1 / Padding
2026-06-09 18:03:32,Layer 2,N/A,N/A,Ether / ARP who has 192.168.1.170 says 192.168.1.1 / Padding
2026-06-09 18:03:32,Layer 2,N/A,N/A,Ether / ARP is at 7e:3f:25:5e:ad:7b says 192.168.1.170
2026-06-09 18:03:32,IPv4,192.168.1.170,20.44.10.123,TCP
2026-06-09 18:03:32,IPv4,20.44.10.123,192.168.1.170,TCP
2026-06-09 18:03:32,IPv4,192.168.1.170,20.184.175.22,TCP
2026-06-09 18:03:32,IPv4,192.168.1.170,20.184.175.22,TCP
2026-06-09 18:03:32,IPv4,192.168.1.170,20.184.175.22,TCP
2026-06-09 18:03:33,IPv4,192.168.1.170,20.184.175.22,TCP
2026-06-09 18:03:33,IPv4,192.168.1.170,20.184.175.22,TCP
2026-06-09 18:03:33,IPv4,20.184.175.22,192.168.1.170,TCP
2026-06-09 18:03:33,IPv4,20.184.175.22,192.168.1.170,TCP
2026-06-09 18:03:33,IPv4,192.168.1.170,192.168.1.1,UDP
2026-06-09 18:03:33,IPv4,192.168.1.170,192.168.1.1,UDP
2026-06-09 18:03:33,IPv4,192.168.1.1,192.168.1.170,UDP
2026-06-09 18:03:33,IPv4,192.168.1.1,192.168.1.170,UDP
2026-06-09 18:03:33,IPv4,192.168.1.170,52.182.143.213,TCP
2026-06-09 18:03:33,IPv4,20.184.175.22,192.168.1.170,TCP
2026-06-09 18:03:33,IPv4,52.182.143.213,192.168.1.170,TCP
2026-06-09 18:03:33,IPv4,192.168.1.170,52.182.143.213,TCP
2026-06-09 18:23:01,Layer 2,N/A,N/A,Ether / ARP who has 192.168.1.170 says 192.168.1.1 / Padding
2026-06-09 18:23:01,IPv6,fe80::3ebd:c5ff:fe6f:605,IPv6 / ICMPv6ND_NS / ICMPv6 Neighbor Discovery Option - Source Link-Layer Address 3c:bd:c5:6f:06:05,UNKNOWN (58)
2026-06-09 18:23:01,Layer 2,N/A,N/A,Ether / ARP is at 7e:3f:25:5e:ad:7b says 192.168.1.170
2026-06-09 18:23:01,IPv6,fe80::bfaf:e9ab:4a2f:6bb3,IPv6 / ICMPv6ND_NA / ICMPv6 Neighbor Discovery Option - Destination Link-Layer Address 7e:3f:25:5e:ad:7b,UNKNOWN (58)
2026-06-09 18:23:02,IPv4,192.168.1.170,20.184.175.22,TCP
2026-06-09 18:23:02,IPv4,192.168.1.170,20.184.175.22,TCP
2026-06-09 18:23:02,IPv4,192.168.1.170,20.184.175.22,TCP
2026-06-09 18:23:02,IPv4,192.168.1.170,20.184.175.22,TCP
2026-06-09 18:23:02,IPv4,192.168.1.170,20.184.175.22,TCP
2026-06-09 18:23:02,IPv4,192.168.1.170,20.184.175.22,TCP
2026-06-09 18:23:02,IPv4,192.168.1.170,20.184.175.22,TCP
2026-06-09 18:23:02,IPv4,20.184.175.22,192.168.1.170,TCP
2026-06-09 18:23:02,IPv4,20.184.175.22,192.168.1.170,TCP
2026-06-09 18:23:02,IPv4,20.184.175.22,192.168.1.170,TCP
2026-06-09 18:23:02,IPv4,192.168.1.170,192.168.1.1,UDP
2026-06-09 18:23:02,IPv4,192.168.1.170,192.168.1.1,UDP
2026-06-09 18:23:02,IPv4,192.168.1.1,192.168.1.170,UDP
2026-06-09 18:23:02,IPv6,2600:4041:65e8:bc00:4946:707f:f15:c888,IPv6 / UDP / DNS Qry b'mobile.events.data.microsoft.com.',UDP
2026-06-09 18:23:02,IPv4,192.168.1.1,192.168.1.170,UDP
2026-06-09 18:23:02,IPv4,192.168.1.170,13.69.116.107,TCP
2026-06-09 18:26:41,IPv4,192.168.1.1,239.255.255.250,UDP
2026-06-09 18:26:41,IPv4,192.168.1.1,239.255.255.250,UDP
2026-06-09 18:26:41,IPv4,192.168.1.1,239.255.255.250,UDP
2026-06-09 18:26:41,IPv4,192.168.1.1,239.255.255.250,UDP
2026-06-09 18:26:41,IPv4,192.168.1.1,239.255.255.250,UDP
2026-06-09 18:27:15,IPv4,192.168.1.1,239.255.255.250,UDP
2026-06-09 18:27:16,IPv6,2600:4041:65e8:bc00:4946:707f:f15:c888,IPv6 / UDP 2600:4041:65e8:bc00:4946:707f:f15:c888:60101 > 2001:4860:4828:7700:::https / Raw,UDP
2026-06-09 18:27:16,IPv6,2001:4860:4828:7700::,IPv6 / UDP 2001:4860:4828:7700:::https > 2600:4041:65e8:bc00:4946:707f:f15:c888:60101 / Raw,UDP
2026-06-09 18:27:16,IPv6,2600:4041:65e8:bc00:4946:707f:f15:c888,IPv6 / UDP 2600:4041:65e8:bc00:4946:707f:f15:c888:60101 > 2001:4860:4828:7700:::https / Raw,UDP
2026-06-09 18:27:16,IPv6,2001:4860:4828:7700::,IPv6 / UDP 2001:4860:4828:7700:::https > 2600:4041:65e8:bc00:4946:707f:f15:c888:60101 / Raw,UDP
2026-06-09 18:27:16,IPv6,2001:4860:4828:7700::,IPv6 / UDP 2001:4860:4828:7700:::https > 2600:4041:65e8:bc00:4946:707f:f15:c888:60101 / Raw,UDP
2026-06-09 18:27:16,IPv6,2600:4041:65e8:bc00:4946:707f:f15:c888,IPv6 / UDP 2600:4041:65e8:bc00:4946:707f:f15:c888:60101 > 2001:4860:4828:7700:::https / Raw,UDP
2026-06-09 18:27:16,IPv6,2001:4860:4828:7700::,IPv6 / UDP 2001:4860:4828:7700:::https > 2600:4041:65e8:bc00:4946:707f:f15:c888:60101 / Raw,UDP
2026-06-09 18:27:17,IPv4,192.168.1.170,192.168.1.1,UDP
2026-06-09 18:27:17,IPv4,192.168.1.170,192.168.1.1,UDP
2026-06-10 17:25:11,IPv4,192.168.1.171,54.76.125.248,TCP
2026-06-10 17:25:12,IPv4,192.168.1.171,54.76.125.248,TCP
2026-06-10 17:25:12,IPv4,54.76.125.248,192.168.1.171,TCP
2026-06-10 17:25:12,IPv4,192.168.1.171,54.76.125.248,TCP
2026-06-10 17:25:12,IPv4,54.76.125.248,192.168.1.171,TCP
2026-06-10 17:25:12,IPv4,192.168.1.171,192.168.1.1,UDP
2026-06-10 17:25:12,IPv4,192.168.1.171,192.168.1.1,UDP
2026-06-10 17:25:12,IPv4,192.168.1.171,192.168.1.1,UDP
2026-06-10 17:25:12,Layer 2,N/A,N/A,Ether / ARP who has 192.168.1.171 says 192.168.1.1 / Padding
2026-06-10 17:25:12,Layer 2,N/A,N/A,Ether / ARP is at 56:3a:ed:07:f2:00 says 192.168.1.171
2026-06-10 17:25:12,IPv4,192.168.1.171,20.42.65.85,TCP
2026-06-10 17:25:12,IPv4,192.168.1.171,20.42.65.85,TCP
2026-06-10 17:25:12,IPv4,192.168.1.171,20.42.65.85,TCP
2026-06-10 17:25:12,IPv4,192.168.1.171,20.42.65.85,TCP
2026-06-10 17:25:12,IPv4,192.168.1.171,20.42.65.85,TCP
2026-06-10 17:25:12,IPv4,192.168.1.171,20.42.65.85,TCP
2026-06-10 17:25:12,IPv4,192.168.1.171,20.42.65.85,TCP
2026-06-10 17:25:12,IPv4,192.168.1.171,20.42.65.85,TCP
2026-06-10 17:25:12,IPv6,fe80::3ebd:c5ff:fe6f:605,IPv6 / ICMPv6ND_NS / ICMPv6 Neighbor Discovery Option - Source Link-Layer Address 3c:bd:c5:6f:06:05,UNKNOWN (58)
2026-06-10 17:25:12,IPv6,fe80::1d39:ed25:7cf:d255,IPv6 / ICMPv6ND_NA / ICMPv6 Neighbor Discovery Option - Destination Link-Layer Address 56:3a:ed:07:f2:00,UNKNOWN (58)
2026-06-10 17:25:12,IPv4,192.168.1.1,192.168.1.171,UDP
2026-06-10 17:25:12,IPv4,192.168.1.1,192.168.1.171,UDP
2026-06-10 17:25:12,IPv4,192.168.1.1,192.168.1.171,UDP
2026-06-10 17:25:12,IPv4,20.42.65.85,192.168.1.171,TCP
2026-06-10 17:25:12,IPv4,20.42.65.85,192.168.1.171,TCP
2026-06-10 17:25:12,IPv4,20.42.65.85,192.168.1.171,TCP
2026-06-10 17:25:12,IPv4,20.42.65.85,192.168.1.171,TCP
2026-06-10 17:25:12,IPv4,20.42.65.85,192.168.1.171,TCP
2026-06-10 17:25:12,IPv4,20.42.65.85,192.168.1.171,TCP
2026-06-10 17:25:12,IPv4,20.42.65.85,192.168.1.171,TCP
2026-06-10 17:25:12,IPv4,20.42.65.85,192.168.1.171,TCP
2026-06-10 17:25:12,IPv4,192.168.1.171,20.42.65.85,TCP
2026-06-10 17:25:12,IPv4,20.42.65.85,192.168.1.171,TCP
2026-06-10 17:25:12,IPv4,192.168.1.171,20.42.65.85,TCP
2026-06-10 17:25:12,IPv4,192.168.1.171,192.168.1.1,UDP
2026-06-10 17:25:12,IPv4,192.168.1.171,192.168.1.1,UDP
2026-06-10 17:25:12,IPv4,192.168.1.1,192.168.1.171,UDP
2026-06-10 17:25:12,IPv4,192.168.1.1,192.168.1.171,UDP
2026-06-10 17:25:12,IPv4,192.168.1.171,104.208.16.95,TCP
2026-06-10 17:25:12,IPv4,20.42.65.85,192.168.1.171,TCP
2026-06-10 17:25:12,IPv4,104.208.16.95,192.168.1.171,TCP
2026-06-10 17:25:12,IPv4,192.168.1.171,104.208.16.95,TCP
2026-06-10 17:25:12,IPv4,192.168.1.171,104.208.16.95,TCP
2026-06-10 17:25:12,IPv4,104.208.16.95,192.168.1.171,TCP
2026-06-10 17:25:12,IPv4,192.168.1.171,104.208.16.95,TCP
2026-06-10 17:25:12,IPv4,192.168.1.171,104.208.16.95,TCP
2026-06-10 17:25:12,IPv4,104.208.16.95,192.168.1.171,TCP
2026-06-10 17:25:12,IPv4,104.208.16.95,192.168.1.171,TCP
2026-06-10 17:25:12,IPv4,104.208.16.95,192.168.1.171,TCP
2026-06-10 17:25:12,IPv4,192.168.1.171,104.208.16.95,TCP
2026-06-10 17:27:39,IPv4,192.168.1.171,192.168.1.1,UDP
2026-06-10 17:27:39,IPv4,192.168.1.171,192.168.1.1,UDP
2026-06-10 17:27:39,IPv4,192.168.1.171,192.168.1.1,UDP
2026-06-10 17:27:39,IPv4,192.168.1.1,192.168.1.171,UDP
2026-06-10 17:27:39,IPv4,192.168.1.1,192.168.1.171,UDP
2026-06-10 17:27:39,IPv4,192.168.1.1,192.168.1.171,UDP
2026-06-10 17:27:40,IPv4,192.168.1.171,192.168.1.1,UDP
2026-06-10 17:27:40,IPv4,192.168.1.171,192.168.1.1,UDP
2026-06-10 17:27:40,IPv4,192.168.1.171,192.168.1.1,UDP
2026-06-10 17:27:40,IPv4,192.168.1.1,192.168.1.171,UDP
2026-06-10 17:27:40,IPv4,192.168.1.1,192.168.1.171,UDP
2026-06-10 17:27:40,IPv4,192.168.1.1,192.168.1.171,UDP
2026-06-10 17:27:40,IPv4,192.168.1.171,192.168.1.1,UDP
2026-06-10 17:27:40,IPv4,192.168.1.171,192.168.1.1,UDP
2026-06-10 17:27:40,IPv4,192.168.1.1,192.168.1.171,UDP
2026-06-10 17:27:40,IPv4,192.168.1.1,192.168.1.171,UDP
2026-06-10 17:27:41,IPv6,2607:f8b0:4006:80e::200a,IPv6 / UDP 2607:f8b0:4006:80e::200a:https > 2600:4041:65e8:bc00:60ba:a4d2:7bc9:8386:52294 / Raw,UDP
2026-06-10 17:27:41,IPv6,2600:4041:65e8:bc00:60ba:a4d2:7bc9:8386,IPv6 / UDP 2600:4041:65e8:bc00:60ba:a4d2:7bc9:8386:52294 > 2607:f8b0:4006:80e::200a:https / Raw,UDP
2026-06-10 17:27:44,IPv4,192.168.1.1,239.255.255.250,UDP
2026-06-10 17:27:51,IPv6,2600:4041:65e8:bc00:60ba:a4d2:7bc9:8386,IPv6 / UDP 2600:4041:65e8:bc00:60ba:a4d2:7bc9:8386:56207 > 2607:f8b0:4006:813::200a:https / Raw,UDP
2026-06-10 17:27:51,IPv6,2607:f8b0:4006:813::200a,IPv6 / UDP 2607:f8b0:4006:813::200a:https > 2600:4041:65e8:bc00:60ba:a4d2:7bc9:8386:56207 / Raw,UDP
2026-06-10 17:27:52,IPv6,2600:4041:65e8:bc00:60ba:a4d2:7bc9:8386,IPv6 / UDP 2600:4041:65e8:bc00:60ba:a4d2:7bc9:8386:65065 > 2001:4860:4829:7700:::https / Raw,UDP
2026-06-10 17:27:52,IPv6,2001:4860:4829:7700::,IPv6 / UDP 2001:4860:4829:7700:::https > 2600:4041:65e8:bc00:60ba:a4d2:7bc9:8386:65065 / Raw,UDP
2026-06-10 17:27:56,IPv6,2600:4041:65e8:bc00:60ba:a4d2:7bc9:8386,IPv6 / UDP 2600:4041:65e8:bc00:60ba:a4d2:7bc9:8386:52294 > 2607:f8b0:4006:80e::200a:https / Raw,UDP
2026-06-10 17:27:56,IPv6,2607:f8b0:4006:80e::200a,IPv6 / UDP 2607:f8b0:4006:80e::200a:https > 2600:4041:65e8:bc00:60ba:a4d2:7bc9:8386:52294 / Raw,UDP
2026-06-10 17:27:56,IPv6,2607:f8b0:4006:813::200a,IPv6 / UDP 2607:f8b0:4006:813::200a:https > 2600:4041:65e8:bc00:60ba:a4d2:7bc9:8386:56207 / Raw,UDP
2026-06-10 17:27:56,IPv6,2600:4041:65e8:bc00:60ba:a4d2:7bc9:8386,IPv6 / UDP 2600:4041:65e8:bc00:60ba:a4d2:7bc9:8386:56207 > 2607:f8b0:4006:813::200a:https / Raw,UDP
2026-06-10 17:28:01,IPv4,192.168.1.1,239.255.255.250,UDP
2026-06-10 17:28:02,IPv6,2607:f8b0:4006:80e::200a,IPv6 / UDP 2607:f8b0:4006:80e::200a:https > 2600:4041:65e8:bc00:60ba:a4d2:7bc9:8386:52294 / Raw,UDP
2026-06-10 17:28:02,IPv6,2600:4041:65e8:bc00:60ba:a4d2:7bc9:8386,IPv6 / UDP 2600:4041:65e8:bc00:60ba:a4d2:7bc9:8386:52294 > 2607:f8b0:4006:80e::200a:https / Raw,UDP
2026-06-10 17:28:11,IPv6,2600:4041:65e8:bc00:60ba:a4d2:7bc9:8386,IPv6 / UDP 2600:4041:65e8:bc00:60ba:a4d2:7bc9:8386:56207 > 2607:f8b0:4006:813::200a:https / Raw,UDP
2026-06-10 17:28:11,IPv6,2607:f8b0:4006:813::200a,IPv6 / UDP 2607:f8b0:4006:813::200a:https > 2600:4041:65e8:bc00:60ba:a4d2:7bc9:8386:56207 / Raw,UDP
2026-06-10 17:28:17,IPv6,2607:f8b0:4006:813::200a,IPv6 / UDP 2607:f8b0:4006:813::200a:https > 2600:4041:65e8:bc00:60ba:a4d2:7bc9:8386:56207 / Raw,UDP
2026-06-10 17:28:17,IPv6,2600:4041:65e8:bc00:60ba:a4d2:7bc9:8386,IPv6 / UDP 2600:4041:65e8:bc00:60ba:a4d2:7bc9:8386:56207 > 2607:f8b0:4006:813::200a:https / Raw,UDP
2026-06-10 17:28:17,IPv6,2600:4041:65e8:bc00:60ba:a4d2:7bc9:8386,IPv6 / UDP 2600:4041:65e8:bc00:60ba:a4d2:7bc9:8386:52294 > 2607:f8b0:4006:80e::200a:https / Raw,UDP
2026-06-10 17:28:17,IPv6,2607:f8b0:4006:80e::200a,IPv6 / UDP 2607:f8b0:4006:80e::200a:https > 2600:4041:65e8:bc00:60ba:a4d2:7bc9:8386:52294 / Raw,UDP
2026-06-10 17:28:18,IPv4,192.168.1.1,239.255.255.250,UDP
2026-06-10 17:28:19,IPv6,2600:4041:65e8:bc00:60ba:a4d2:7bc9:8386,IPv6 / UDP 2600:4041:65e8:bc00:60ba:a4d2:7bc9:8386:65065 > 2001:4860:4829:7700:::https / Raw,UDP
2026-06-10 17:28:19,IPv6,2001:4860:4829:7700::,IPv6 / UDP 2001:4860:4829:7700:::https > 2600:4041:65e8:bc00:60ba:a4d2:7bc9:8386:65065 / Raw,UDP
2026-06-10 17:28:23,IPv6,2607:f8b0:4006:80e::200a,IPv6 / UDP 2607:f8b0:4006:80e::200a:https > 2600:4041:65e8:bc00:60ba:a4d2:7bc9:8386:52294 / Raw,UDP
2026-06-10 17:28:23,IPv6,2600:4041:65e8:bc00:60ba:a4d2:7bc9:8386,IPv6 / UDP 2600:4041:65e8:bc00:60ba:a4d2:7bc9:8386:52294 > 2607:f8b0:4006:80e::200a:https / Raw,UDP
2026-06-10 17:28:27,IPv4,192.168.1.1,239.255.255.250,UDP
2026-06-10 17:28:27,IPv4,192.168.1.1,239.255.255.250,UDP
2026-06-10 17:28:27,IPv4,192.168.1.1,239.255.255.250,UDP
2026-06-10 17:28:27,IPv4,192.168.1.1,239.255.255.250,UDP
2026-06-10 17:28:27,IPv4,192.168.1.1,239.255.255.250,UDP
2026-06-10 17:28:27,IPv4,192.168.1.1,239.255.255.250,UDP
2026-06-10 17:28:27,IPv4,192.168.1.1,239.255.255.250,UDP
2026-06-10 17:28:28,IPv4,192.168.1.1,239.255.255.250,UDP
2026-06-10 17:28:28,IPv4,192.168.1.1,239.255.255.250,UDP
2026-06-10 17:28:28,IPv4,192.168.1.1,239.255.255.250,UDP
2026-06-10 17:28:28,IPv4,192.168.1.1,239.255.255.250,UDP
2026-06-10 17:28:28,IPv6,fe80::3ebd:c5ff:fe6f:605,IPv6 / UDP fe80::3ebd:c5ff:fe6f:605:50169 > ff02::c:ssdp / Raw,UDP
2026-06-10 17:28:28,IPv6,fe80::3ebd:c5ff:fe6f:605,IPv6 / UDP fe80::3ebd:c5ff:fe6f:605:50169 > ff02::c:ssdp / Raw,UDP
2026-06-10 17:28:28,IPv6,fe80::3ebd:c5ff:fe6f:605,IPv6 / UDP fe80::3ebd:c5ff:fe6f:605:50169 > ff02::c:ssdp / Raw,UDP
2026-06-10 17:28:28,IPv6,fe80::3ebd:c5ff:fe6f:605,IPv6 / UDP fe80::3ebd:c5ff:fe6f:605:50169 > ff02::c:ssdp / Raw,UDP
2026-06-10 17:28:28,IPv6,fe80::3ebd:c5ff:fe6f:605,IPv6 / UDP fe80::3ebd:c5ff:fe6f:605:50169 > ff02::c:ssdp / Raw,UDP
2026-06-10 17:28:28,IPv6,fe80::3ebd:c5ff:fe6f:605,IPv6 / UDP fe80::3ebd:c5ff:fe6f:605:50169 > ff02::c:ssdp / Raw,UDP
2026-06-10 17:28:28,IPv6,fe80::3ebd:c5ff:fe6f:605,IPv6 / UDP fe80::3ebd:c5ff:fe6f:605:50169 > ff02::c:ssdp / Raw,UDP
2026-06-10 17:28:28,IPv6,fe80::3ebd:c5ff:fe6f:605,IPv6 / UDP fe80::3ebd:c5ff:fe6f:605:50169 > ff02::c:ssdp / Raw,UDP
2026-06-10 17:28:28,IPv6,fe80::3ebd:c5ff:fe6f:605,IPv6 / UDP fe80::3ebd:c5ff:fe6f:605:50169 > ff02::c:ssdp / Raw,UDP
2026-06-10 17:28:28,IPv6,fe80::3ebd:c5ff:fe6f:605,IPv6 / UDP fe80::3ebd:c5ff:fe6f:605:50169 > ff02::c:ssdp / Raw,UDP
2026-06-10 17:28:28,IPv6,fe80::3ebd:c5ff:fe6f:605,IPv6 / UDP fe80::3ebd:c5ff:fe6f:605:50169 > ff02::c:ssdp / Raw,UDP
2026-06-10 17:28:28,IPv6,fe80::3ebd:c5ff:fe6f:605,IPv6 / UDP fe80::3ebd:c5ff:fe6f:605:50169 > ff02::c:ssdp / Raw,UDP
2026-06-10 17:28:28,IPv6,fe80::3ebd:c5ff:fe6f:605,IPv6 / UDP fe80::3ebd:c5ff:fe6f:605:50169 > ff02::c:ssdp / Raw,UDP
2026-06-10 17:28:28,IPv6,fe80::3ebd:c5ff:fe6f:605,IPv6 / UDP fe80::3ebd:c5ff:fe6f:605:50169 > ff02::c:ssdp / Raw,UDP
2026-06-10 17:28:28,IPv6,fe80::3ebd:c5ff:fe6f:605,IPv6 / UDP fe80::3ebd:c5ff:fe6f:605:50169 > ff02::c:ssdp / Raw,UDP
2026-06-10 17:28:28,IPv6,fe80::3ebd:c5ff:fe6f:605,IPv6 / UDP fe80::3ebd:c5ff:fe6f:605:50169 > ff02::c:ssdp / Raw,UDP
2026-06-10 17:28:28,IPv6,fe80::3ebd:c5ff:fe6f:605,IPv6 / UDP fe80::3ebd:c5ff:fe6f:605:50169 > ff02::c:ssdp / Raw,UDP
2026-06-10 17:28:28,IPv6,fe80::3ebd:c5ff:fe6f:605,IPv6 / UDP fe80::3ebd:c5ff:fe6f:605:50169 > ff02::c:ssdp / Raw,UDP
2026-06-10 17:28:28,IPv6,fe80::3ebd:c5ff:fe6f:605,IPv6 / UDP fe80::3ebd:c5ff:fe6f:605:50169 > ff02::c:ssdp / Raw,UDP
2026-06-10 17:28:28,IPv6,fe80::3ebd:c5ff:fe6f:605,IPv6 / UDP fe80::3ebd:c5ff:fe6f:605:50169 > ff02::c:ssdp / Raw,UDP
2026-06-10 17:28:28,IPv6,fe80::3ebd:c5ff:fe6f:605,IPv6 / UDP fe80::3ebd:c5ff:fe6f:605:50169 > ff02::c:ssdp / Raw,UDP
2026-06-10 17:28:28,IPv6,fe80::3ebd:c5ff:fe6f:605,IPv6 / UDP fe80::3ebd:c5ff:fe6f:605:50169 > ff02::c:ssdp / Raw,UDP
2026-06-10 17:28:28,IPv6,fe80::3ebd:c5ff:fe6f:605,IPv6 / UDP fe80::3ebd:c5ff:fe6f:605:50169 > ff02::c:ssdp / Raw,UDP
2026-06-10 17:28:28,IPv6,fe80::3ebd:c5ff:fe6f:605,IPv6 / UDP fe80::3ebd:c5ff:fe6f:605:50169 > ff02::c:ssdp / Raw,UDP
2026-06-10 17:28:28,IPv4,192.168.1.1,239.255.255.250,UDP
2026-06-10 17:28:28,IPv4,192.168.1.1,239.255.255.250,UDP
2026-06-10 17:28:28,IPv4,192.168.1.1,239.255.255.250,UDP
2026-06-10 17:28:28,IPv4,192.168.1.1,239.255.255.250,UDP
2026-06-10 17:28:28,IPv4,192.168.1.1,239.255.255.250,UDP
2026-06-10 17:28:28,IPv4,192.168.1.1,239.255.255.250,UDP
2026-06-10 17:28:28,IPv4,192.168.1.1,239.255.255.250,UDP
2026-06-10 17:28:28,IPv4,192.168.1.1,239.255.255.250,UDP
2026-06-10 17:28:28,IPv4,192.168.1.1,239.255.255.250,UDP
2026-06-10 17:28:28,IPv4,192.168.1.1,239.255.255.250,UDP
2026-06-10 17:28:28,IPv4,192.168.1.1,239.255.255.250,UDP
2026-06-10 17:28:28,IPv4,192.168.1.1,239.255.255.250,UDP
2026-06-10 17:28:32,IPv6,2600:4041:65e8:bc00:60ba:a4d2:7bc9:8386,IPv6 / UDP 2600:4041:65e8:bc00:60ba:a4d2:7bc9:8386:56207 > 2607:f8b0:4006:813::200a:https / Raw,UDP
2026-06-10 17:28:32,IPv6,2607:f8b0:4006:813::200a,IPv6 / UDP 2607:f8b0:4006:813::200a:https > 2600:4041:65e8:bc00:60ba:a4d2:7bc9:8386:56207 / Raw,UDP
2026-06-10 17:28:32,IPv4,192.168.1.171,192.168.1.1,UDP
2026-06-10 17:28:32,IPv4,192.168.1.1,192.168.1.171,UDP
2026-06-10 17:28:35,IPv4,192.168.1.1,239.255.255.250,UDP
2026-06-10 17:28:37,IPv6,2607:f8b0:4006:813::200a,IPv6 / UDP 2607:f8b0:4006:813::200a:https > 2600:4041:65e8:bc00:60ba:a4d2:7bc9:8386:56207 / Raw,UDP
2026-06-10 17:28:37,IPv6,2600:4041:65e8:bc00:60ba:a4d2:7bc9:8386,IPv6 / UDP 2600:4041:65e8:bc00:60ba:a4d2:7bc9:8386:56207 > 2607:f8b0:4006:813::200a:https / Raw,UDP
2026-06-10 17:28:38,IPv6,2600:4041:65e8:bc00:60ba:a4d2:7bc9:8386,IPv6 / UDP 2600:4041:65e8:bc00:60ba:a4d2:7bc9:8386:52294 > 2607:f8b0:4006:80e::200a:https / Raw,UDP
2026-06-10 17:28:38,IPv6,2607:f8b0:4006:80e::200a,IPv6 / UDP 2607:f8b0:4006:80e::200a:https > 2600:4041:65e8:bc00:60ba:a4d2:7bc9:8386:52294 / Raw,UDP
2026-06-10 17:28:43,IPv6,2607:f8b0:4006:80e::200a,IPv6 / UDP 2607:f8b0:4006:80e::200a:https > 2600:4041:65e8:bc00:60ba:a4d2:7bc9:8386:52294 / Raw,UDP
2026-06-10 17:28:44,IPv6,2600:4041:65e8:bc00:60ba:a4d2:7bc9:8386,IPv6 / UDP 2600:4041:65e8:bc00:60ba:a4d2:7bc9:8386:52294 > 2607:f8b0:4006:80e::200a:https / Raw,UDP
2026-06-10 17:28:46,IPv4,192.168.1.171,192.168.1.1,UDP
2026-06-10 22:23:07,IPv4,192.168.1.171,192.168.1.1,UDP
2026-06-10 22:23:07,IPv4,192.168.1.171,192.168.1.1,UDP
2026-06-10 22:23:07,IPv4,192.168.1.171,192.168.1.1,UDP
2026-06-10 22:23:07,IPv6,2607:f8b0:4006:823::200a,IPv6 / UDP 2607:f8b0:4006:823::200a:https > 2600:4041:65e8:bc00:60ba:a4d2:7bc9:8386:56080 / Raw,UDP
2026-06-10 22:23:07,IPv6,2600:4041:65e8:bc00:60ba:a4d2:7bc9:8386,IPv6 / UDP 2600:4041:65e8:bc00:60ba:a4d2:7bc9:8386:56080 > 2607:f8b0:4006:823::200a:https / Raw,UDP
2026-06-10 22:23:07,IPv4,192.168.1.1,192.168.1.171,UDP
2026-06-10 22:23:07,IPv4,192.168.1.1,192.168.1.171,UDP
2026-06-10 22:23:07,IPv4,192.168.1.1,192.168.1.171,UDP
2026-06-10 22:23:07,IPv4,192.168.1.171,20.184.175.17,TCP
2026-06-10 22:23:07,IPv4,20.184.175.17,192.168.1.171,TCP
2026-06-10 22:23:07,IPv4,192.168.1.171,20.184.175.17,TCP
2026-06-10 22:23:07,IPv4,192.168.1.171,20.184.175.17,TCP
2026-06-10 22:23:07,IPv4,192.168.1.171,20.184.175.17,TCP
2026-06-10 22:23:07,IPv4,20.184.175.17,192.168.1.171,TCP
2026-06-10 22:23:07,IPv4,20.184.175.17,192.168.1.171,TCP
2026-06-10 22:23:07,IPv4,192.168.1.171,20.184.175.17,TCP
2026-06-10 22:23:07,IPv4,192.168.1.171,192.168.1.1,UDP
2026-06-10 22:23:07,IPv4,192.168.1.171,192.168.1.1,UDP
2026-06-10 22:23:07,IPv4,192.168.1.1,192.168.1.171,UDP
2026-06-10 22:23:07,IPv4,192.168.1.1,192.168.1.171,UDP
2026-06-10 22:23:07,IPv4,192.168.1.171,20.42.73.30,TCP
2026-06-10 22:23:07,IPv4,20.42.73.30,192.168.1.171,TCP
2026-06-10 22:23:07,IPv4,192.168.1.171,20.42.73.30,TCP
2026-06-10 22:23:07,IPv4,192.168.1.171,20.42.73.30,TCP
2026-06-10 22:23:07,IPv4,20.42.73.30,192.168.1.171,TCP
2026-06-10 22:28:00,IPv4,192.168.1.171,192.168.1.1,UDP
2026-06-10 22:28:00,IPv4,192.168.1.171,192.168.1.1,UDP
2026-06-10 22:28:00,IPv4,192.168.1.171,192.168.1.1,UDP
2026-06-10 22:28:00,IPv4,192.168.1.1,192.168.1.171,UDP
2026-06-10 22:28:00,IPv4,192.168.1.1,192.168.1.171,UDP
2026-06-10 22:28:00,IPv4,192.168.1.1,192.168.1.171,UDP
2026-06-10 22:28:00,IPv4,192.168.1.171,192.168.1.1,UDP
2026-06-10 22:28:00,IPv4,192.168.1.171,192.168.1.1,UDP
2026-06-10 22:28:00,IPv4,192.168.1.1,192.168.1.171,UDP
2026-06-10 22:28:00,IPv4,192.168.1.1,192.168.1.171,UDP
2026-06-11 16:56:27,IPv4,192.168.1.171,20.42.65.93,TCP
2026-06-11 16:56:27,IPv4,192.168.1.171,20.42.65.93,TCP
2026-06-11 16:56:27,IPv4,192.168.1.171,20.42.65.93,TCP
2026-06-11 16:56:27,IPv4,192.168.1.171,20.42.65.93,TCP
2026-06-11 16:56:27,IPv4,20.42.65.93,192.168.1.171,TCP
2026-06-11 16:56:27,IPv4,20.42.65.93,192.168.1.171,TCP
2026-06-11 16:56:27,IPv4,20.42.65.93,192.168.1.171,TCP
2026-06-11 16:56:27,IPv4,20.42.65.93,192.168.1.171,TCP
2026-06-11 16:56:27,IPv4,192.168.1.171,20.42.65.93,TCP
2026-06-11 16:56:27,IPv4,20.42.65.93,192.168.1.171,TCP
2026-06-11 16:56:27,IPv4,192.168.1.171,20.42.65.93,TCP
2026-06-11 16:56:27,IPv4,192.168.1.171,192.168.1.1,UDP
2026-06-11 16:56:27,IPv4,192.168.1.171,192.168.1.1,UDP
2026-06-11 16:56:27,IPv4,192.168.1.1,192.168.1.171,UDP
2026-06-11 16:56:27,IPv4,192.168.1.1,192.168.1.171,UDP
2026-06-11 16:56:27,IPv4,20.42.65.93,192.168.1.171,TCP
2026-06-11 16:56:27,IPv4,192.168.1.171,20.50.201.195,TCP
2026-06-11 16:56:27,IPv4,192.168.1.171,20.50.201.195,TCP
2026-06-11 16:56:28,IPv4,20.50.201.195,192.168.1.171,TCP
2026-06-11 16:56:28,IPv4,192.168.1.171,20.50.201.195,TCP
2026-06-11 16:56:43,Layer 2,N/A,N/A,Ether / ARP who has 192.168.1.171 says 192.168.1.1 / Padding
2026-06-11 16:56:43,Layer 2,N/A,N/A,Ether / ARP is at 56:3a:ed:07:f2:00 says 192.168.1.171
2026-06-11 16:56:44,IPv4,192.168.1.171,23.219.36.101,TCP
2026-06-11 16:56:44,IPv4,23.219.36.101,192.168.1.171,TCP
2026-06-11 16:56:44,IPv4,192.168.1.171,23.219.36.101,TCP
2026-06-11 16:56:44,IPv4,192.168.1.171,140.82.112.26,TCP
2026-06-11 16:56:44,IPv4,140.82.112.26,192.168.1.171,TCP
2026-06-11 16:56:45,IPv4,192.168.1.171,20.42.65.93,TCP
2026-06-11 16:56:45,IPv4,192.168.1.171,20.42.65.93,TCP
2026-06-11 16:56:45,IPv4,192.168.1.171,20.42.65.93,TCP
2026-06-11 16:56:45,IPv4,192.168.1.171,20.42.65.93,TCP
2026-06-11 16:56:45,IPv4,20.42.65.93,192.168.1.171,TCP
2026-06-11 16:56:45,IPv4,20.42.65.93,192.168.1.171,TCP
2026-06-11 16:56:45,IPv4,20.42.65.93,192.168.1.171,TCP
2026-06-11 16:56:45,IPv4,20.42.65.93,192.168.1.171,TCP
2026-06-11 16:56:45,IPv4,192.168.1.171,20.42.65.93,TCP
2026-06-11 16:56:45,IPv4,20.42.65.93,192.168.1.171,TCP
2026-06-11 16:56:45,IPv4,192.168.1.171,20.42.65.93,TCP
2026-06-11 16:56:45,IPv4,20.42.65.93,192.168.1.171,TCP
2026-06-11 16:56:45,IPv4,192.168.1.171,192.168.1.1,UDP
2026-06-11 16:56:45,IPv4,192.168.1.171,192.168.1.1,UDP
2026-06-11 16:56:45,IPv4,192.168.1.1,192.168.1.171,UDP
2026-06-11 16:56:45,IPv4,192.168.1.1,192.168.1.171,UDP
2026-06-11 16:56:45,IPv4,192.168.1.171,52.182.143.208,TCP
2026-06-11 16:56:45,IPv4,52.182.143.208,192.168.1.171,TCP
2026-06-11 16:56:45,IPv4,192.168.1.171,52.182.143.208,TCP
2026-06-11 16:56:45,IPv4,192.168.1.171,52.182.143.208,TCP
2026-06-11 16:56:45,IPv4,52.182.143.208,192.168.1.171,TCP
2026-06-11 16:56:45,IPv4,192.168.1.171,52.182.143.208,TCP
2026-06-11 16:56:45,IPv4,52.182.143.208,192.168.1.171,TCP
2026-06-11 16:56:45,IPv4,52.182.143.208,192.168.1.171,TCP
2026-06-11 16:56:45,IPv4,52.182.143.208,192.168.1.171,TCP
2026-06-11 16:56:45,IPv4,52.182.143.208,192.168.1.171,TCP
2026-06-11 16:56:45,IPv4,52.182.143.208,192.168.1.171,TCP
2026-06-11 16:56:45,IPv4,192.168.1.171,52.182.143.208,TCP
2026-06-11 16:56:45,IPv4,192.168.1.171,52.182.143.208,TCP
2026-06-11 16:56:45,IPv4,192.168.1.171,52.182.143.208,TCP
2026-06-11 16:56:45,IPv4,52.182.143.208,192.168.1.171,TCP
2026-06-11 16:56:45,IPv4,52.182.143.208,192.168.1.171,TCP
2026-06-11 16:56:45,IPv4,192.168.1.171,52.182.143.208,TCP
2026-06-11 16:56:45,IPv4,192.168.1.171,52.182.143.208,TCP
2026-06-11 16:56:45,IPv4,192.168.1.171,52.182.143.208,TCP
2026-06-11 16:56:45,IPv4,52.182.143.208,192.168.1.171,TCP
2026-06-11 16:56:47,IPv6,2600:4041:65e8:bc00:a865:c1fe:75ea:db43,2606:50c0:8002::215,TCP
2026-06-11 16:56:47,IPv6,2606:50c0:8002::215,2600:4041:65e8:bc00:a865:c1fe:75ea:db43,TCP
2026-06-11 16:56:47,IPv6,fe80::3ebd:c5ff:fe6f:605,ff02::1:ffcf:d255,UNKNOWN (58)
2026-06-11 16:56:47,IPv6,fe80::1d39:ed25:7cf:d255,fe80::3ebd:c5ff:fe6f:605,UNKNOWN (58)
2026-06-11 16:56:50,IPv6,fe80::3ebd:c5ff:fe6f:605,2600:4041:65e8:bc00:60ba:a4d2:7bc9:8386,UNKNOWN (58)
2026-06-11 16:56:50,IPv6,2600:4041:65e8:bc00:60ba:a4d2:7bc9:8386,fe80::3ebd:c5ff:fe6f:605,UNKNOWN (58)
2026-06-11 16:56:51,IPv6,fe80::3ebd:c5ff:fe6f:605,2600:4041:65e8:bc00:a865:c1fe:75ea:db43,UNKNOWN (58)
2026-06-11 17:02:41,IPv6,2600:4041:65e8:bc00:a865:c1fe:75ea:db43,2606:4700:4405::6812:2aa6,TCP
2026-06-11 17:02:41,IPv6,2606:4700:4405::6812:2aa6,2600:4041:65e8:bc00:a865:c1fe:75ea:db43,TCP
2026-06-11 17:02:41,IPv6,2606:4700:4405::6812:2aa6,2600:4041:65e8:bc00:a865:c1fe:75ea:db43,TCP
2026-06-11 17:02:41,IPv6,2606:4700:4405::6812:2aa6,2600:4041:65e8:bc00:a865:c1fe:75ea:db43,TCP
2026-06-11 17:02:41,IPv6,2600:4041:65e8:bc00:a865:c1fe:75ea:db43,2606:4700:4405::6812:2aa6,TCP
2026-06-11 17:02:41,IPv4,192.168.1.171,52.182.143.215,TCP
2026-06-11 17:02:41,IPv4,192.168.1.171,52.182.143.215,TCP
2026-06-11 17:02:41,IPv4,192.168.1.171,52.182.143.215,TCP
2026-06-11 17:02:41,IPv4,192.168.1.171,52.182.143.215,TCP
2026-06-11 17:02:41,IPv4,192.168.1.1,239.255.255.250,UDP
2026-06-11 17:02:41,IPv4,52.182.143.215,192.168.1.171,TCP
2026-06-11 17:02:41,IPv4,52.182.143.215,192.168.1.171,TCP
2026-06-11 17:02:41,IPv4,192.168.1.171,52.182.143.215,TCP
2026-06-11 17:02:41,IPv4,52.182.143.215,192.168.1.171,TCP
2026-06-11 17:02:41,IPv4,52.182.143.215,192.168.1.171,TCP
2026-06-11 17:02:41,IPv4,52.182.143.215,192.168.1.171,TCP
2026-06-11 17:02:41,IPv4,192.168.1.171,52.182.143.215,TCP
2026-06-11 17:02:41,IPv4,52.182.143.215,192.168.1.171,TCP
2026-06-11 17:02:42,IPv4,192.168.1.171,52.212.2.15,TCP
2026-06-11 17:02:42,IPv6,2600:4041:65e8:bc00:a865:c1fe:75ea:db43,2620:1ec:33:1::12,TCP
2026-06-11 17:02:42,IPv6,2620:1ec:33:1::12,2600:4041:65e8:bc00:a865:c1fe:75ea:db43,TCP
2026-06-11 17:02:42,IPv6,2600:4041:65e8:bc00:a865:c1fe:75ea:db43,2620:1ec:33:1::12,TCP
2026-06-11 17:02:42,IPv6,2600:4041:65e8:bc00:a865:c1fe:75ea:db43,2620:1ec:33:1::12,TCP
2026-06-11 17:02:42,IPv6,2620:1ec:33:1::12,2600:4041:65e8:bc00:a865:c1fe:75ea:db43,TCP
2026-06-11 17:02:42,IPv6,2620:1ec:33:1::12,2600:4041:65e8:bc00:a865:c1fe:75ea:db43,TCP
2026-06-11 17:02:42,IPv6,2620:1ec:33:1::12,2600:4041:65e8:bc00:a865:c1fe:75ea:db43,TCP
2026-06-11 17:02:42,IPv6,2620:1ec:33:1::12,2600:4041:65e8:bc00:a865:c1fe:75ea:db43,TCP
2026-06-11 17:02:42,IPv6,2600:4041:65e8:bc00:a865:c1fe:75ea:db43,2620:1ec:33:1::12,TCP
2026-06-11 17:02:42,IPv6,2620:1ec:33:1::12,2600:4041:65e8:bc00:a865:c1fe:75ea:db43,TCP
2026-06-11 17:02:42,IPv6,2620:1ec:33:1::12,2600:4041:65e8:bc00:a865:c1fe:75ea:db43,TCP
2026-06-11 17:02:42,IPv6,2620:1ec:33:1::12,2600:4041:65e8:bc00:a865:c1fe:75ea:db43,TCP
2026-06-11 17:02:42,IPv6,2600:4041:65e8:bc00:a865:c1fe:75ea:db43,2620:1ec:33:1::12,TCP
2026-06-11 17:02:42,IPv6,2600:4041:65e8:bc00:a865:c1fe:75ea:db43,2620:1ec:33:1::12,TCP
2026-06-11 17:02:42,IPv6,2600:4041:65e8:bc00:a865:c1fe:75ea:db43,2620:1ec:33:1::12,TCP
2026-06-11 17:02:42,IPv6,2620:1ec:33:1::12,2600:4041:65e8:bc00:a865:c1fe:75ea:db43,TCP
2026-06-11 17:02:42,IPv6,2620:1ec:33:1::12,2600:4041:65e8:bc00:a865:c1fe:75ea:db43,TCP
2026-06-11 17:02:42,IPv6,2600:4041:65e8:bc00:a865:c1fe:75ea:db43,2620:1ec:33:1::12,TCP
2026-06-11 17:02:42,IPv6,2620:1ec:33:1::12,2600:4041:65e8:bc00:a865:c1fe:75ea:db43,TCP
2026-06-11 17:02:42,IPv4,192.168.1.171,52.212.2.15,TCP
2026-06-11 17:02:42,IPv4,52.212.2.15,192.168.1.171,TCP
2026-06-11 17:02:43,IPv4,192.168.1.171,52.212.2.15,TCP
2026-06-11 17:02:43,IPv6,2620:1ec:33:1::12,2600:4041:65e8:bc00:a865:c1fe:75ea:db43,TCP
2026-06-11 17:02:43,IPv6,2620:1ec:33:1::12,2600:4041:65e8:bc00:a865:c1fe:75ea:db43,TCP
2026-06-11 17:02:43,IPv6,2620:1ec:33:1::12,2600:4041:65e8:bc00:a865:c1fe:75ea:db43,TCP
2026-06-11 17:02:43,IPv6,2620:1ec:33:1::12,2600:4041:65e8:bc00:a865:c1fe:75ea:db43,TCP
2026-06-11 17:02:43,IPv6,2600:4041:65e8:bc00:a865:c1fe:75ea:db43,2620:1ec:33:1::12,TCP
2026-06-11 17:02:43,IPv6,2600:4041:65e8:bc00:a865:c1fe:75ea:db43,2600:141b:1c00:37::17d2:5c86,TCP
2026-06-11 17:02:43,IPv4,52.212.2.15,192.168.1.171,TCP
2026-06-11 17:02:43,IPv6,2600:141b:1c00:37::17d2:5c86,2600:4041:65e8:bc00:a865:c1fe:75ea:db43,TCP
2026-06-11 17:02:43,IPv6,2600:4041:65e8:bc00:a865:c1fe:75ea:db43,2600:141b:1c00:37::17d2:5c86,TCP
2026-06-11 17:03:51,IPv6,2607:f8b0:4006:816::200a,2600:4041:65e8:bc00:a865:c1fe:75ea:db43,UDP
2026-06-11 17:03:51,IPv6,2600:4041:65e8:bc00:a865:c1fe:75ea:db43,2607:f8b0:4006:816::200a,UDP
2026-06-11 17:03:52,IPv4,192.168.1.171,192.168.1.1,UDP
2026-06-11 17:03:52,IPv4,192.168.1.171,192.168.1.1,UDP
2026-06-11 17:03:52,IPv4,192.168.1.171,192.168.1.1,UDP
2026-06-11 17:03:52,IPv4,192.168.1.1,192.168.1.171,UDP
2026-06-11 17:03:52,IPv4,192.168.1.1,192.168.1.171,UDP
2026-06-11 17:03:52,IPv4,192.168.1.1,192.168.1.171,UDP
2026-06-11 17:03:55,IPv4,192.168.1.171,192.168.1.1,UDP
2026-06-11 17:03:55,IPv4,192.168.1.171,192.168.1.1,UDP
2026-06-11 17:03:55,IPv4,192.168.1.171,192.168.1.1,UDP
2026-06-11 17:03:55,IPv4,192.168.1.1,192.168.1.171,UDP
2026-06-11 17:03:55,IPv4,192.168.1.1,192.168.1.171,UDP
2026-06-11 17:03:55,IPv4,192.168.1.1,192.168.1.171,UDP
2026-06-11 17:03:59,IPv6,2600:4041:65e8:bc00:a865:c1fe:75ea:db43,2001:4860:482a:7700::,UDP
2026-06-11 17:03:59,IPv6,2001:4860:482a:7700::,2600:4041:65e8:bc00:a865:c1fe:75ea:db43,UDP
2026-06-11 17:04:06,IPv6,2600:4041:65e8:bc00:a865:c1fe:75ea:db43,2607:f8b0:4006:816::200a,UDP
2026-06-11 17:04:06,IPv6,2607:f8b0:4006:816::200a,2600:4041:65e8:bc00:a865:c1fe:75ea:db43,UDP
2026-06-11 17:04:06,IPv4,192.168.1.1,239.255.255.250,UDP
2026-06-11 17:04:09,IPv4,192.168.1.171,192.168.1.1,UDP
2026-06-11 17:04:09,IPv4,192.168.1.171,192.168.1.1,UDP
2026-06-11 17:04:09,IPv4,192.168.1.1,192.168.1.171,UDP
2026-06-11 17:04:09,IPv4,192.168.1.1,192.168.1.171,UDP
2026-06-11 17:04:11,IPv6,2607:f8b0:4006:816::200a,2600:4041:65e8:bc00:a865:c1fe:75ea:db43,UDP
2026-06-11 17:04:11,IPv6,2600:4041:65e8:bc00:a865:c1fe:75ea:db43,2607:f8b0:4006:816::200a,UDP
2026-06-11 17:04:14,IPv4,192.168.1.1,239.255.255.250,UDP
2026-06-11 17:04:14,IPv4,192.168.1.1,239.255.255.250,UDP
2026-06-11 17:04:14,IPv4,192.168.1.1,239.255.255.250,UDP
2026-06-11 17:04:14,IPv4,192.168.1.1,239.255.255.250,UDP
2026-06-11 17:04:14,IPv4,192.168.1.1,239.255.255.250,UDP
2026-06-11 17:04:14,IPv4,192.168.1.1,239.255.255.250,UDP
2026-06-11 17:04:14,IPv4,192.168.1.1,239.255.255.250,UDP
2026-06-11 17:04:14,IPv4,192.168.1.1,239.255.255.250,UDP
2026-06-11 17:04:14,IPv4,192.168.1.1,239.255.255.250,UDP
2026-06-11 17:04:14,IPv4,192.168.1.1,239.255.255.250,UDP
2026-06-11 17:04:14,IPv4,192.168.1.1,239.255.255.250,UDP
2026-06-11 17:04:14,IPv4,192.168.1.1,239.255.255.250,UDP
2026-06-11 17:04:14,IPv6,fe80::3ebd:c5ff:fe6f:605,ff02::c,UDP
2026-06-11 17:04:14,IPv6,fe80::3ebd:c5ff:fe6f:605,ff02::c,UDP
2026-06-11 17:04:14,IPv6,fe80::3ebd:c5ff:fe6f:605,ff02::c,UDP
2026-06-11 17:04:14,IPv6,fe80::3ebd:c5ff:fe6f:605,ff02::c,UDP
2026-06-11 17:04:14,IPv6,fe80::3ebd:c5ff:fe6f:605,ff02::c,UDP
2026-06-11 17:04:14,IPv6,fe80::3ebd:c5ff:fe6f:605,ff02::c,UDP
2026-06-11 17:04:14,IPv6,fe80::3ebd:c5ff:fe6f:605,ff02::c,UDP
2026-06-11 17:04:14,IPv6,fe80::3ebd:c5ff:fe6f:605,ff02::c,UDP
2026-06-11 17:04:14,IPv6,fe80::3ebd:c5ff:fe6f:605,ff02::c,UDP
2026-06-11 17:04:14,IPv6,fe80::3ebd:c5ff:fe6f:605,ff02::c,UDP
2026-06-11 17:04:14,IPv6,fe80::3ebd:c5ff:fe6f:605,ff02::c,UDP
2026-06-11 17:04:14,IPv6,fe80::3ebd:c5ff:fe6f:605,ff02::c,UDP
2026-06-11 17:04:14,IPv6,fe80::3ebd:c5ff:fe6f:605,ff02::c,UDP
2026-06-11 17:06:40,IPv4,192.168.1.1,239.255.255.250,UDP
2026-06-11 17:06:41,IPv6,2600:4041:65e8:bc00:a865:c1fe:75ea:db43,2606:4700:4405::6812:2aa6,TCP
2026-06-11 17:06:41,IPv6,2606:4700:4405::6812:2aa6,2600:4041:65e8:bc00:a865:c1fe:75ea:db43,TCP
2026-06-11 17:06:41,IPv6,2606:4700:4405::6812:2aa6,2600:4041:65e8:bc00:a865:c1fe:75ea:db43,TCP
2026-06-11 17:06:41,IPv6,2606:4700:4405::6812:2aa6,2600:4041:65e8:bc00:a865:c1fe:75ea:db43,TCP
2026-06-11 17:06:41,IPv6,2600:4041:65e8:bc00:a865:c1fe:75ea:db43,2606:4700:4405::6812:2aa6,TCP
2026-06-11 17:06:41,IPv4,192.168.1.171,52.168.112.66,TCP
2026-06-11 17:06:41,IPv4,192.168.1.171,52.168.112.66,TCP
2026-06-11 17:06:41,IPv4,192.168.1.171,52.168.112.66,TCP
2026-06-11 17:06:41,IPv4,192.168.1.171,52.168.112.66,TCP
2026-06-11 17:06:41,IPv4,52.168.112.66,192.168.1.171,TCP
2026-06-11 17:06:41,IPv4,52.168.112.66,192.168.1.171,TCP
2026-06-11 17:06:41,IPv4,52.168.112.66,192.168.1.171,TCP
2026-06-11 17:06:41,IPv6,2603:1061:14:47::1,2600:4041:65e8:bc00:a865:c1fe:75ea:db43,TCP
2026-06-11 17:06:41,IPv6,2603:1061:14:47::1,2600:4041:65e8:bc00:a865:c1fe:75ea:db43,TCP
2026-06-11 17:06:41,IPv6,2600:4041:65e8:bc00:a865:c1fe:75ea:db43,2603:1061:14:47::1,TCP
2026-06-11 17:06:41,IPv6,2600:4041:65e8:bc00:a865:c1fe:75ea:db43,2603:1061:14:47::1,TCP
2026-06-11 17:06:41,IPv6,2603:1061:14:47::1,2600:4041:65e8:bc00:a865:c1fe:75ea:db43,TCP
2026-06-11 17:06:41,IPv6,2600:4041:65e8:bc00:a865:c1fe:75ea:db43,2603:1061:14:47::1,TCP
2026-06-11 17:06:41,IPv4,52.168.112.66,192.168.1.171,TCP
2026-06-11 17:06:41,IPv6,2603:1061:14:47::1,2600:4041:65e8:bc00:a865:c1fe:75ea:db43,TCP
2026-06-11 17:06:41,IPv4,192.168.1.171,52.168.112.66,TCP
2026-06-11 17:06:41,IPv4,192.168.1.171,192.168.1.1,UDP
2026-06-11 17:06:41,IPv4,192.168.1.171,192.168.1.1,UDP
2026-06-11 17:06:41,IPv4,52.168.112.66,192.168.1.171,TCP
2026-06-11 17:06:41,IPv4,192.168.1.171,52.168.112.66,TCP
2026-06-11 17:06:41,IPv4,192.168.1.1,192.168.1.171,UDP
2026-06-11 17:06:41,IPv4,192.168.1.1,192.168.1.171,UDP
2026-06-11 17:06:41,IPv4,192.168.1.171,20.50.201.200,TCP
2026-06-11 17:06:41,IPv4,52.168.112.66,192.168.1.171,TCP
2026-06-11 17:06:41,IPv4,20.50.201.200,192.168.1.171,TCP
2026-06-11 17:06:41,IPv4,192.168.1.171,20.50.201.200,TCP
2026-06-11 17:06:41,IPv4,192.168.1.171,20.50.201.200,TCP
2026-06-11 17:06:42,IPv4,20.50.201.200,192.168.1.171,TCP
2026-06-11 17:06:42,IPv4,192.168.1.171,20.50.201.200,TCP
2026-06-11 17:06:42,IPv4,20.50.201.200,192.168.1.171,TCP
2026-06-11 17:06:42,IPv4,20.50.201.200,192.168.1.171,TCP
2026-06-11 17:06:42,IPv4,20.50.201.200,192.168.1.171,TCP
2026-06-11 17:06:42,IPv4,20.50.201.200,192.168.1.171,TCP
2026-06-11 17:06:42,IPv4,20.50.201.200,192.168.1.171,TCP
2026-06-11 17:06:42,IPv4,192.168.1.171,20.50.201.200,TCP
2026-06-11 17:06:42,IPv4,192.168.1.171,20.50.201.200,TCP
2026-06-11 17:06:42,IPv4,192.168.1.171,20.50.201.200,TCP
2026-06-11 17:06:42,IPv4,192.168.1.171,20.50.201.200,TCP
2026-06-11 17:06:42,IPv6,fe80::3ebd:c5ff:fe6f:605,2600:4041:65e8:bc00:a865:c1fe:75ea:db43,ICMPv6
2026-06-11 17:06:42,Layer 2,N/A,N/A,Ether / ARP who has 192.168.1.171 says 192.168.1.1 / Padding
2026-06-11 17:06:42,IPv6,2600:4041:65e8:bc00:a865:c1fe:75ea:db43,fe80::3ebd:c5ff:fe6f:605,ICMPv6
2026-06-11 17:06:42,Layer 2,N/A,N/A,Ether / ARP is at 56:3a:ed:07:f2:00 says 192.168.1.171
2026-06-11 17:06:42,IPv4,20.50.201.200,192.168.1.171,TCP
2026-06-11 17:06:42,IPv4,20.50.201.200,192.168.1.171,TCP
2026-06-11 17:06:42,IPv4,20.50.201.200,192.168.1.171,TCP
2026-06-11 17:06:42,IPv4,192.168.1.171,20.50.201.200,TCP
2026-06-11 17:06:42,IPv4,192.168.1.171,20.50.201.200,TCP
2026-06-11 17:06:42,IPv4,192.168.1.171,20.50.201.200,TCP
2026-06-11 17:06:42,IPv4,20.50.201.200,192.168.1.171,TCP
2026-06-11 17:06:44,IPv6,2600:4041:65e8:bc00:a865:c1fe:75ea:db43,2001:4860:482a:7700::,UDP
2026-06-11 17:06:44,IPv6,2001:4860:482a:7700::,2600:4041:65e8:bc00:a865:c1fe:75ea:db43,UDP
2026-06-11 17:06:44,IPv4,192.168.1.171,23.219.36.101,TCP
2026-06-11 17:06:44,IPv4,23.219.36.101,192.168.1.171,TCP
2026-06-11 17:06:44,IPv4,192.168.1.171,140.82.112.26,TCP
2026-06-11 17:06:44,IPv4,192.168.1.171,23.219.36.101,TCP
2026-06-11 17:06:44,IPv4,140.82.112.26,192.168.1.171,TCP
2026-06-11 17:06:44,IPv6,2603:1061:14:40::1,2600:4041:65e8:bc00:a865:c1fe:75ea:db43,TCP
2026-06-11 17:06:44,IPv6,2603:1061:14:40::1,2600:4041:65e8:bc00:a865:c1fe:75ea:db43,TCP
2026-06-11 17:06:44,IPv6,2600:4041:65e8:bc00:a865:c1fe:75ea:db43,2603:1061:14:40::1,TCP
2026-06-11 17:06:44,IPv6,2600:4041:65e8:bc00:a865:c1fe:75ea:db43,2603:1061:14:40::1,TCP
2026-06-11 17:06:44,IPv6,2603:1061:14:40::1,2600:4041:65e8:bc00:a865:c1fe:75ea:db43,TCP
2026-06-11 17:06:44,IPv6,2600:4041:65e8:bc00:a865:c1fe:75ea:db43,2603:1061:14:40::1,TCP
2026-06-11 17:06:44,Layer 2,N/A,N/A,Ether / ARP who has 192.168.1.173 says 192.168.1.1 / Padding
2026-06-11 17:06:44,IPv6,2603:1061:14:40::1,2600:4041:65e8:bc00:a865:c1fe:75ea:db43,TCP
2026-06-11 17:06:47,IPv6,2603:1061:14:4c::1,2600:4041:65e8:bc00:a865:c1fe:75ea:db43,TCP
2026-06-11 17:06:47,IPv6,2603:1061:14:4c::1,2600:4041:65e8:bc00:a865:c1fe:75ea:db43,TCP
2026-06-11 17:06:47,IPv6,2600:4041:65e8:bc00:a865:c1fe:75ea:db43,2603:1061:14:4c::1,TCP
2026-06-11 17:06:47,IPv6,2600:4041:65e8:bc00:a865:c1fe:75ea:db43,2603:1061:14:4c::1,TCP
2026-06-11 17:06:47,IPv6,2603:1061:14:4c::1,2600:4041:65e8:bc00:a865:c1fe:75ea:db43,TCP
2026-06-11 17:06:47,IPv6,2600:4041:65e8:bc00:a865:c1fe:75ea:db43,2603:1061:14:4c::1,TCP
2026-06-11 17:06:47,IPv6,2603:1061:14:4c::1,2600:4041:65e8:bc00:a865:c1fe:75ea:db43,TCP
2026-06-11 17:06:50,IPv6,2600:4041:65e8:bc00:a865:c1fe:75ea:db43,2607:f8b0:4006:816::200a,UDP
2026-06-11 17:06:50,IPv6,2607:f8b0:4006:816::200a,2600:4041:65e8:bc00:a865:c1fe:75ea:db43,UDP
2026-06-11 17:06:51,IPv4,192.168.1.171,20.184.175.4,TCP
2026-06-11 17:06:51,IPv4,20.184.175.4,192.168.1.171,TCP
2026-06-11 17:06:51,IPv4,192.168.1.171,20.184.175.4,TCP
2026-06-11 17:06:53,IPv6,fe80::3ebd:c5ff:fe6f:605,fe80::1d39:ed25:7cf:d255,ICMPv6
2026-06-11 17:06:53,IPv6,fe80::1d39:ed25:7cf:d255,fe80::3ebd:c5ff:fe6f:605,ICMPv6
2026-06-11 17:06:53,Layer 2,N/A,N/A,Ether / ARP who has 192.168.1.159 says 192.168.1.1 / Padding
2026-06-11 17:06:55,IPv6,2600:4041:65e8:bc00:a865:c1fe:75ea:db43,2600:1401:d000:6::17c9:22b0,TCP
2026-06-11 17:06:55,IPv6,2600:1401:d000:6::17c9:22b0,2600:4041:65e8:bc00:a865:c1fe:75ea:db43,TCP
2026-06-11 17:06:55,IPv6,2607:f8b0:4006:816::200a,2600:4041:65e8:bc00:a865:c1fe:75ea:db43,UDP
2026-06-11 17:06:55,IPv6,2600:4041:65e8:bc00:a865:c1fe:75ea:db43,2607:f8b0:4006:816::200a,UDP
2026-06-11 17:06:56,IPv4,192.168.1.1,239.255.255.250,UDP
2026-06-11 17:06:56,IPv4,192.168.1.1,239.255.255.250,UDP
2026-06-11 17:06:56,IPv4,192.168.1.1,239.255.255.250,UDP
2026-06-11 17:06:56,IPv4,192.168.1.1,239.255.255.250,UDP
2026-06-11 17:06:56,IPv4,192.168.1.1,239.255.255.250,UDP
2026-06-11 17:06:56,IPv4,192.168.1.1,239.255.255.250,UDP
2026-06-11 17:06:56,IPv6,2600:4041:65e8:bc00:a865:c1fe:75ea:db43,2600:1401:d000:6::17c9:22b0,TCP
2026-06-11 17:06:56,IPv6,2600:1401:d000:6::17c9:22b0,2600:4041:65e8:bc00:a865:c1fe:75ea:db43,TCP
2026-06-11 17:06:56,IPv4,192.168.1.1,239.255.255.250,UDP
2026-06-11 17:06:56,IPv4,192.168.1.1,239.255.255.250,UDP
2026-06-11 17:06:56,IPv4,192.168.1.1,239.255.255.250,UDP
